"year","team","seed","games","ppg","fgm","fga","fgm3","fga3","ftm","fta","or","dr","ast","to","stl","blk","pf","wins","points_allowed","rpg","fg_percent","ft_percent","fg3_percent","total_possessions","total_points","ppp","total_points_allowed","dppp","efg","ts","win_percent","possessions_per_game"
2016,"Kansas",1,33,80.303030303,28.1515151515,57.6060606061,8.12121212121,19.2424242424,15.8787878788,22.4848484848,10.5454545455,26.7878787879,15.4545454545,12.5454545455,6.75757575758,4,18.9090909091,29,67.6060606061,37.3333333334,48.869016307147,70.6199460918504,42.204724409491,2293.4800000006,2649.999999999,1.15544936079596,2231.0000000013,0.972757556203115,55.9179379273402,59.4842602402331,87.8787878787879,69.499393939412
2016,"Villanova",2,34,76.9705882353,26.6176470588,56.9411764706,8.55882352941,24.9117647059,15.1764705882,19.5294117647,9.26470588235,26.3529411765,16.1470588235,11.1176470588,6.73529411765,3.41176470588,17.5294117647,29,63.7058823529,35.61764705885,46.7458677685441,77.7108433733367,34.3565525383393,2291.15999999961,2617.0000000002,1.14221616997532,2165.9999999986,0.945372649661729,54.2613636363096,58.725585236245,85.2941176470588,67.387058823518
2016,"Oregon",1,33,78.5454545455,27.303030303,58.8787878788,7,19.9696969697,16.9393939394,23.696969697,11.7575757576,24,13.6363636364,11.3636363636,7.60606060606,5.81818181818,18.0303030303,27,69.3939393939,35.7575757576,46.3715903241799,71.4833759590134,35.0531107738945,2274.07999999884,2592.0000000015,1.13980159009482,2289.9999999987,1.00700063322305,52.3160061759542,56.6661419801788,81.8181818181818,68.91151515148
2016,"Oklahoma",2,32,80.40625,27.625,60.25,10.4375,24.5,14.71875,20.21875,10.71875,28.09375,14.53125,12.96875,6.90625,5.25,16.8125,25,70.4375,38.8125,45.850622406639,72.7975270479134,42.6020408163265,2284.68,2573,1.12619710418965,2254,0.986571423569165,54.5124481327801,58.1421624455412,78.125,71.39625
2016,"North Carolina",1,34,82.2647058824,30.7941176471,64.3235294118,5.38235294118,17.1470588235,15.2941176471,20.7352941176,14.0294117647,26.9411764706,18.1176470588,10.9117647059,6.88235294118,4.38235294118,17.9117647059,28,69.5588235294,40.9705882353,47.8737997256893,73.7588652485929,31.3893653517039,2391.2000000013,2797.0000000016,1.16970558715293,2364.9999999996,0.989043158246202,52.0576131687625,56.0027230498367,82.3529411764706,70.329411764744
2016,"West Virginia",3,34,79.2058823529,27.2647058824,60.2941176471,6.05882352941,18.4411764706,18.6176470588,27.7941176471,15.9117647059,23.2647058824,14.7647058824,14,9.94117647059,2.52941176471,23.3823529412,26,66.6176470588,39.1764705883,45.2195121951691,66.9841269839431,32.8548644337813,2400.80000000142,2692.9999999986,1.12170943018869,1865.2941176464,0.776946900052191,50.2439024390667,54.6070240894719,76.4705882352941,70.611764705924
2016,"Virginia",1,33,70.3636363636,25.7272727273,52.8181818182,6,14.8181818182,12.9090909091,17.1212121212,8.9696969697,22.9090909091,14.3333333333,9.39393939394,5.48484848485,2.93939393939,16.3636363636,26,59.6666666667,31.8787878788,48.709122203133,75.3982300886021,40.4907975459626,2005.60000000034,2321.9999999988,1.15775827682409,1969.0000000011,0.98175109692898,54.3889845094994,58.2948383209054,78.7878787878788,60.775757575768
2016,"Michigan St",2,34,79.7647058824,28.7941176471,59.5294117647,9.11764705882,21.0294117647,13.0588235294,17.8823529412,12.2941176471,29.5588235294,20.5588235294,11.7941176471,4.41176470588,5.14705882353,19.0882352941,29,63.3823529412,41.8529411765,48.3695652174653,73.0263157893118,43.3566433566387,2274.52000000015,2712.0000000016,1.19233948261674,1964.8529411772,0.863853886172497,56.0276679842615,59.1746962715014,85.2941176470588,66.897647058828
